Resume_Text,Extroversion,Conscientiousness,Openness,Agreeableness,Neuroticism
Marketing professional with skills in social media and branding. Hands-on experience with cloud platforms like AWS and Azure. Improved customer satisfaction score by 15% through new initiatives. Bachelor's degree in Computer Science from ABC University.,0.3,0.93,0.23,0.15,0.25
"Marketing professional with skills in social media and branding. Proficient in Python, Java, and C++. Won the 'Employee of the Year' award in 2023. Bachelor's degree in Computer Science from ABC University.",0.11,0.57,0.04,0.85,0.87
Graphic designer with proficiency in Adobe Creative Suite. Hands-on experience with cloud platforms like AWS and Azure. Published a research paper on AI in top-tier conferences. PhD in Data Science from GHI University.,0.09,0.08,0.6,0.17,0.32
"Developed machine learning models for predicting customer behavior. Proficient in Python, Java, and C++. Successfully managed a team of 10 to deliver a $1M project. Diploma in Graphic Design from MNO Academy.",0.6,0.51,0.98,0.86,0.21
Marketing professional with skills in social media and branding. Certified in PMP and Scrum Master methodologies. Developed an open-source library with 500+ stars on GitHub. Bachelor's in Mechanical Engineering from JKL College.,0.0,0.06,0.43,0.2,0.4
Project manager with expertise in Agile methodologies. Experienced in developing RESTful APIs and microservices. Successfully managed a team of 10 to deliver a $1M project. Master's in Business Administration from DEF Institute.,0.74,0.81,0.49,0.84,0.55
Marketing professional with skills in social media and branding. Expert in data visualization tools like Tableau and Power BI. Improved customer satisfaction score by 15% through new initiatives. Bachelor's in Mechanical Engineering from JKL College.,0.73,0.37,0.42,0.2,0.4
Marketing professional with skills in social media and branding. Hands-on experience with cloud platforms like AWS and Azure. Successfully managed a team of 10 to deliver a $1M project. Bachelor's degree in Computer Science from ABC University.,0.54,0.89,0.54,0.85,0.11
Graphic designer with proficiency in Adobe Creative Suite. Hands-on experience with cloud platforms like AWS and Azure. Won the 'Employee of the Year' award in 2023. PhD in Data Science from GHI University.,0.16,1.0,0.32,0.56,0.16
Experienced data analyst with a background in Python and SQL. Hands-on experience with cloud platforms like AWS and Azure. Published a research paper on AI in top-tier conferences. Certification in Advanced Machine Learning from PQR University.,0.51,0.53,0.5,0.87,0.52
"Developed machine learning models for predicting customer behavior. Proficient in Python, Java, and C++. Successfully managed a team of 10 to deliver a $1M project. Certification in Advanced Machine Learning from PQR University.",0.87,0.78,0.51,0.43,0.32
Project manager with expertise in Agile methodologies. Hands-on experience with cloud platforms like AWS and Azure. Developed an open-source library with 500+ stars on GitHub. Master's in Business Administration from DEF Institute.,0.82,0.29,0.43,0.89,0.6
Project manager with expertise in Agile methodologies. Experienced in developing RESTful APIs and microservices. Won the 'Employee of the Year' award in 2023. Master's in Business Administration from DEF Institute.,0.45,0.72,0.34,0.79,0.8
Developed machine learning models for predicting customer behavior. Experienced in developing RESTful APIs and microservices. Published a research paper on AI in top-tier conferences. Diploma in Graphic Design from MNO Academy.,0.64,0.95,0.07,0.23,0.5
Graphic designer with proficiency in Adobe Creative Suite. Hands-on experience with cloud platforms like AWS and Azure. Developed an open-source library with 500+ stars on GitHub. Bachelor's in Mechanical Engineering from JKL College.,0.57,0.98,0.09,0.92,0.95
Worked as a software engineer at XYZ Corp for 5 years. Expert in data visualization tools like Tableau and Power BI. Improved customer satisfaction score by 15% through new initiatives. Diploma in Graphic Design from MNO Academy.,0.47,0.85,0.98,0.06,0.72
Marketing professional with skills in social media and branding. Hands-on experience with cloud platforms like AWS and Azure. Improved customer satisfaction score by 15% through new initiatives. Bachelor's degree in Computer Science from ABC University.,0.57,0.53,0.9,0.6,0.93
Marketing professional with skills in social media and branding. Hands-on experience with cloud platforms like AWS and Azure. Increased team efficiency by 20% through process optimization. Certification in Advanced Machine Learning from PQR University.,0.61,0.31,0.36,0.2,0.35
Worked as a software engineer at XYZ Corp for 5 years. Expert in data visualization tools like Tableau and Power BI. Improved customer satisfaction score by 15% through new initiatives. Certification in Advanced Machine Learning from PQR University.,0.68,0.23,0.82,0.17,0.22
Worked as a software engineer at XYZ Corp for 5 years. Experienced in developing RESTful APIs and microservices. Increased team efficiency by 20% through process optimization. Bachelor's degree in Computer Science from ABC University.,0.04,0.55,0.45,0.23,0.0
Marketing professional with skills in social media and branding. Certified in PMP and Scrum Master methodologies. Successfully managed a team of 10 to deliver a $1M project. Master's in Business Administration from DEF Institute.,0.89,0.41,0.05,0.51,0.18
Experienced data analyst with a background in Python and SQL. Experienced in developing RESTful APIs and microservices. Developed an open-source library with 500+ stars on GitHub. Bachelor's degree in Computer Science from ABC University.,0.24,0.59,0.61,0.36,0.64
Graphic designer with proficiency in Adobe Creative Suite. Experienced in developing RESTful APIs and microservices. Increased team efficiency by 20% through process optimization. Diploma in Graphic Design from MNO Academy.,0.81,0.73,0.47,0.98,0.9
"Marketing professional with skills in social media and branding. Proficient in Python, Java, and C++. Increased team efficiency by 20% through process optimization. Master's in Business Administration from DEF Institute.",0.59,0.09,0.09,0.38,0.96
Developed machine learning models for predicting customer behavior. Certified in PMP and Scrum Master methodologies. Won the 'Employee of the Year' award in 2023. Diploma in Graphic Design from MNO Academy.,0.46,0.7,0.04,0.61,0.1
Worked as a software engineer at XYZ Corp for 5 years. Strong communication and team leadership abilities. Improved customer satisfaction score by 15% through new initiatives. Bachelor's in Mechanical Engineering from JKL College.,0.37,0.38,0.91,0.68,0.3
Marketing professional with skills in social media and branding. Experienced in developing RESTful APIs and microservices. Increased team efficiency by 20% through process optimization. Certification in Advanced Machine Learning from PQR University.,0.84,0.93,0.81,0.97,0.49
"Marketing professional with skills in social media and branding. Proficient in Python, Java, and C++. Successfully managed a team of 10 to deliver a $1M project. Certification in Advanced Machine Learning from PQR University.",0.88,0.99,0.02,0.08,0.72
Experienced data analyst with a background in Python and SQL. Hands-on experience with cloud platforms like AWS and Azure. Won the 'Employee of the Year' award in 2023. Master's in Business Administration from DEF Institute.,0.29,0.04,0.49,0.13,0.47
"Graphic designer with proficiency in Adobe Creative Suite. Proficient in Python, Java, and C++. Improved customer satisfaction score by 15% through new initiatives. Diploma in Graphic Design from MNO Academy.",0.06,0.87,0.89,0.22,0.51
Experienced data analyst with a background in Python and SQL. Hands-on experience with cloud platforms like AWS and Azure. Successfully managed a team of 10 to deliver a $1M project. Certification in Advanced Machine Learning from PQR University.,0.45,0.91,0.99,0.87,0.27
"Marketing professional with skills in social media and branding. Proficient in Python, Java, and C++. Increased team efficiency by 20% through process optimization. Master's in Business Administration from DEF Institute.",0.0,0.35,0.9,0.74,0.05
Developed machine learning models for predicting customer behavior. Experienced in developing RESTful APIs and microservices. Published a research paper on AI in top-tier conferences. Master's in Business Administration from DEF Institute.,0.21,0.54,0.54,0.01,0.69
Worked as a software engineer at XYZ Corp for 5 years. Hands-on experience with cloud platforms like AWS and Azure. Published a research paper on AI in top-tier conferences. PhD in Data Science from GHI University.,0.66,0.28,0.78,0.83,0.62
Developed machine learning models for predicting customer behavior. Hands-on experience with cloud platforms like AWS and Azure. Published a research paper on AI in top-tier conferences. Bachelor's degree in Computer Science from ABC University.,0.33,0.38,0.08,0.53,0.46
Worked as a software engineer at XYZ Corp for 5 years. Certified in PMP and Scrum Master methodologies. Developed an open-source library with 500+ stars on GitHub. Diploma in Graphic Design from MNO Academy.,0.07,0.54,0.97,0.89,0.59
Project manager with expertise in Agile methodologies. Strong communication and team leadership abilities. Increased team efficiency by 20% through process optimization. Bachelor's in Mechanical Engineering from JKL College.,0.25,0.92,0.2,1.0,0.83
Project manager with expertise in Agile methodologies. Experienced in developing RESTful APIs and microservices. Published a research paper on AI in top-tier conferences. Bachelor's degree in Computer Science from ABC University.,0.3,0.72,0.49,0.05,0.57
Project manager with expertise in Agile methodologies. Experienced in developing RESTful APIs and microservices. Successfully managed a team of 10 to deliver a $1M project. Certification in Advanced Machine Learning from PQR University.,0.34,0.94,0.07,0.98,0.3
"Experienced data analyst with a background in Python and SQL. Proficient in Python, Java, and C++. Successfully managed a team of 10 to deliver a $1M project. Master's in Business Administration from DEF Institute.",0.06,0.75,0.38,0.87,0.44
"Graphic designer with proficiency in Adobe Creative Suite. Proficient in Python, Java, and C++. Won the 'Employee of the Year' award in 2023. Master's in Business Administration from DEF Institute.",0.41,0.12,0.49,0.96,0.09
Marketing professional with skills in social media and branding. Hands-on experience with cloud platforms like AWS and Azure. Published a research paper on AI in top-tier conferences. Bachelor's in Mechanical Engineering from JKL College.,0.71,0.52,0.32,0.54,0.61
Worked as a software engineer at XYZ Corp for 5 years. Expert in data visualization tools like Tableau and Power BI. Developed an open-source library with 500+ stars on GitHub. PhD in Data Science from GHI University.,0.3,0.14,0.94,0.27,0.87
Project manager with expertise in Agile methodologies. Hands-on experience with cloud platforms like AWS and Azure. Won the 'Employee of the Year' award in 2023. Bachelor's degree in Computer Science from ABC University.,0.21,0.9,0.49,0.67,0.75
Developed machine learning models for predicting customer behavior. Expert in data visualization tools like Tableau and Power BI. Increased team efficiency by 20% through process optimization. Certification in Advanced Machine Learning from PQR University.,0.63,0.97,0.58,0.09,0.78
Experienced data analyst with a background in Python and SQL. Experienced in developing RESTful APIs and microservices. Successfully managed a team of 10 to deliver a $1M project. PhD in Data Science from GHI University.,0.67,0.62,0.47,0.97,0.35
Project manager with expertise in Agile methodologies. Experienced in developing RESTful APIs and microservices. Increased team efficiency by 20% through process optimization. Certification in Advanced Machine Learning from PQR University.,0.31,0.78,0.62,0.07,0.37
Developed machine learning models for predicting customer behavior. Hands-on experience with cloud platforms like AWS and Azure. Increased team efficiency by 20% through process optimization. Bachelor's degree in Computer Science from ABC University.,0.93,0.53,0.35,0.14,0.4
Graphic designer with proficiency in Adobe Creative Suite. Experienced in developing RESTful APIs and microservices. Published a research paper on AI in top-tier conferences. Certification in Advanced Machine Learning from PQR University.,0.86,0.98,0.7,0.61,0.93
Marketing professional with skills in social media and branding. Strong communication and team leadership abilities. Increased team efficiency by 20% through process optimization. Certification in Advanced Machine Learning from PQR University.,0.56,0.77,0.78,0.17,0.47
Experienced data analyst with a background in Python and SQL. Expert in data visualization tools like Tableau and Power BI. Won the 'Employee of the Year' award in 2023. PhD in Data Science from GHI University.,0.76,0.43,0.42,0.27,0.1
"Marketing professional with skills in social media and branding. Proficient in Python, Java, and C++. Increased team efficiency by 20% through process optimization. PhD in Data Science from GHI University.",0.83,0.46,0.28,0.05,0.79
Developed machine learning models for predicting customer behavior. Expert in data visualization tools like Tableau and Power BI. Improved customer satisfaction score by 15% through new initiatives. PhD in Data Science from GHI University.,0.17,0.71,0.47,0.23,0.18
"Graphic designer with proficiency in Adobe Creative Suite. Proficient in Python, Java, and C++. Increased team efficiency by 20% through process optimization. Certification in Advanced Machine Learning from PQR University.",0.48,0.56,0.63,0.16,0.62
Experienced data analyst with a background in Python and SQL. Experienced in developing RESTful APIs and microservices. Improved customer satisfaction score by 15% through new initiatives. PhD in Data Science from GHI University.,0.77,0.23,0.73,0.07,0.18
Graphic designer with proficiency in Adobe Creative Suite. Expert in data visualization tools like Tableau and Power BI. Won the 'Employee of the Year' award in 2023. Bachelor's in Mechanical Engineering from JKL College.,0.3,0.83,0.37,0.68,0.45
Graphic designer with proficiency in Adobe Creative Suite. Hands-on experience with cloud platforms like AWS and Azure. Improved customer satisfaction score by 15% through new initiatives. PhD in Data Science from GHI University.,0.8,0.46,0.53,0.19,0.95
Experienced data analyst with a background in Python and SQL. Hands-on experience with cloud platforms like AWS and Azure. Successfully managed a team of 10 to deliver a $1M project. Bachelor's in Mechanical Engineering from JKL College.,0.92,0.93,0.1,0.49,0.57
Graphic designer with proficiency in Adobe Creative Suite. Experienced in developing RESTful APIs and microservices. Successfully managed a team of 10 to deliver a $1M project. Bachelor's degree in Computer Science from ABC University.,0.93,0.6,0.73,0.02,0.36
"Developed machine learning models for predicting customer behavior. Proficient in Python, Java, and C++. Developed an open-source library with 500+ stars on GitHub. Diploma in Graphic Design from MNO Academy.",0.17,0.96,0.8,0.5,0.99
"Marketing professional with skills in social media and branding. Proficient in Python, Java, and C++. Published a research paper on AI in top-tier conferences. Master's in Business Administration from DEF Institute.",0.97,0.61,0.57,0.73,0.01
Experienced data analyst with a background in Python and SQL. Hands-on experience with cloud platforms like AWS and Azure. Won the 'Employee of the Year' award in 2023. Diploma in Graphic Design from MNO Academy.,0.81,0.97,0.82,0.16,0.6
Developed machine learning models for predicting customer behavior. Strong communication and team leadership abilities. Published a research paper on AI in top-tier conferences. PhD in Data Science from GHI University.,0.16,0.98,0.06,0.9,0.82
Graphic designer with proficiency in Adobe Creative Suite. Hands-on experience with cloud platforms like AWS and Azure. Successfully managed a team of 10 to deliver a $1M project. Bachelor's in Mechanical Engineering from JKL College.,0.26,0.14,0.41,0.23,0.38
Marketing professional with skills in social media and branding. Certified in PMP and Scrum Master methodologies. Won the 'Employee of the Year' award in 2023. Bachelor's in Mechanical Engineering from JKL College.,0.52,0.82,0.58,0.39,0.78
Experienced data analyst with a background in Python and SQL. Certified in PMP and Scrum Master methodologies. Published a research paper on AI in top-tier conferences. Bachelor's degree in Computer Science from ABC University.,0.78,0.44,0.83,0.96,0.56
Developed machine learning models for predicting customer behavior. Hands-on experience with cloud platforms like AWS and Azure. Won the 'Employee of the Year' award in 2023. Bachelor's degree in Computer Science from ABC University.,0.09,0.54,0.14,0.5,0.48
"Graphic designer with proficiency in Adobe Creative Suite. Proficient in Python, Java, and C++. Developed an open-source library with 500+ stars on GitHub. Diploma in Graphic Design from MNO Academy.",0.25,0.67,0.1,0.29,0.18
Worked as a software engineer at XYZ Corp for 5 years. Certified in PMP and Scrum Master methodologies. Successfully managed a team of 10 to deliver a $1M project. Bachelor's degree in Computer Science from ABC University.,0.17,0.73,0.41,0.15,0.56
Marketing professional with skills in social media and branding. Certified in PMP and Scrum Master methodologies. Published a research paper on AI in top-tier conferences. Bachelor's degree in Computer Science from ABC University.,0.29,0.45,0.87,0.51,0.02
Developed machine learning models for predicting customer behavior. Expert in data visualization tools like Tableau and Power BI. Increased team efficiency by 20% through process optimization. Certification in Advanced Machine Learning from PQR University.,0.38,0.22,0.67,0.07,0.41
Project manager with expertise in Agile methodologies. Hands-on experience with cloud platforms like AWS and Azure. Developed an open-source library with 500+ stars on GitHub. PhD in Data Science from GHI University.,0.57,0.53,0.83,0.44,0.53
Graphic designer with proficiency in Adobe Creative Suite. Expert in data visualization tools like Tableau and Power BI. Increased team efficiency by 20% through process optimization. Bachelor's degree in Computer Science from ABC University.,0.29,0.1,0.82,0.33,0.37
Graphic designer with proficiency in Adobe Creative Suite. Hands-on experience with cloud platforms like AWS and Azure. Increased team efficiency by 20% through process optimization. Diploma in Graphic Design from MNO Academy.,0.23,0.96,0.82,0.73,0.5
Developed machine learning models for predicting customer behavior. Hands-on experience with cloud platforms like AWS and Azure. Increased team efficiency by 20% through process optimization. Bachelor's in Mechanical Engineering from JKL College.,0.12,0.26,0.49,0.95,0.43
"Experienced data analyst with a background in Python and SQL. Proficient in Python, Java, and C++. Increased team efficiency by 20% through process optimization. PhD in Data Science from GHI University.",0.91,0.75,0.59,0.18,0.44
Experienced data analyst with a background in Python and SQL. Hands-on experience with cloud platforms like AWS and Azure. Won the 'Employee of the Year' award in 2023. Diploma in Graphic Design from MNO Academy.,0.17,0.17,0.2,0.11,0.23
Worked as a software engineer at XYZ Corp for 5 years. Expert in data visualization tools like Tableau and Power BI. Improved customer satisfaction score by 15% through new initiatives. Bachelor's degree in Computer Science from ABC University.,0.46,0.26,0.62,0.64,0.93
"Experienced data analyst with a background in Python and SQL. Proficient in Python, Java, and C++. Improved customer satisfaction score by 15% through new initiatives. PhD in Data Science from GHI University.",0.36,0.72,0.22,0.42,0.25
Marketing professional with skills in social media and branding. Strong communication and team leadership abilities. Increased team efficiency by 20% through process optimization. PhD in Data Science from GHI University.,0.62,0.8,0.17,0.42,0.98
Developed machine learning models for predicting customer behavior. Experienced in developing RESTful APIs and microservices. Successfully managed a team of 10 to deliver a $1M project. Certification in Advanced Machine Learning from PQR University.,0.94,0.43,0.47,0.42,0.52
Project manager with expertise in Agile methodologies. Strong communication and team leadership abilities. Improved customer satisfaction score by 15% through new initiatives. Certification in Advanced Machine Learning from PQR University.,0.12,0.28,0.9,0.09,0.42
Developed machine learning models for predicting customer behavior. Expert in data visualization tools like Tableau and Power BI. Improved customer satisfaction score by 15% through new initiatives. Bachelor's degree in Computer Science from ABC University.,0.84,0.98,0.36,0.37,0.02
Worked as a software engineer at XYZ Corp for 5 years. Experienced in developing RESTful APIs and microservices. Published a research paper on AI in top-tier conferences. Master's in Business Administration from DEF Institute.,0.06,0.35,0.4,0.36,0.18
"Worked as a software engineer at XYZ Corp for 5 years. Proficient in Python, Java, and C++. Improved customer satisfaction score by 15% through new initiatives. Diploma in Graphic Design from MNO Academy.",0.43,0.16,0.76,0.62,0.94
Worked as a software engineer at XYZ Corp for 5 years. Hands-on experience with cloud platforms like AWS and Azure. Won the 'Employee of the Year' award in 2023. PhD in Data Science from GHI University.,0.26,0.84,0.68,0.82,0.7
Graphic designer with proficiency in Adobe Creative Suite. Experienced in developing RESTful APIs and microservices. Won the 'Employee of the Year' award in 2023. Bachelor's degree in Computer Science from ABC University.,0.71,0.3,0.14,0.48,0.96
Worked as a software engineer at XYZ Corp for 5 years. Hands-on experience with cloud platforms like AWS and Azure. Won the 'Employee of the Year' award in 2023. Master's in Business Administration from DEF Institute.,0.41,0.98,0.48,0.35,0.42
Project manager with expertise in Agile methodologies. Expert in data visualization tools like Tableau and Power BI. Won the 'Employee of the Year' award in 2023. Master's in Business Administration from DEF Institute.,0.87,0.4,0.15,0.17,0.93
"Project manager with expertise in Agile methodologies. Proficient in Python, Java, and C++. Successfully managed a team of 10 to deliver a $1M project. Diploma in Graphic Design from MNO Academy.",0.26,0.78,0.68,0.94,0.14
"Developed machine learning models for predicting customer behavior. Proficient in Python, Java, and C++. Published a research paper on AI in top-tier conferences. Master's in Business Administration from DEF Institute.",0.24,0.79,0.75,0.45,0.67
Marketing professional with skills in social media and branding. Certified in PMP and Scrum Master methodologies. Won the 'Employee of the Year' award in 2023. Bachelor's in Mechanical Engineering from JKL College.,0.93,0.74,0.75,0.02,0.68
Graphic designer with proficiency in Adobe Creative Suite. Strong communication and team leadership abilities. Improved customer satisfaction score by 15% through new initiatives. Bachelor's in Mechanical Engineering from JKL College.,0.15,0.59,0.79,0.98,0.82
Experienced data analyst with a background in Python and SQL. Experienced in developing RESTful APIs and microservices. Increased team efficiency by 20% through process optimization. Bachelor's degree in Computer Science from ABC University.,0.18,0.05,0.98,0.02,0.1
Project manager with expertise in Agile methodologies. Expert in data visualization tools like Tableau and Power BI. Successfully managed a team of 10 to deliver a $1M project. PhD in Data Science from GHI University.,0.31,0.66,0.1,0.65,0.03
Graphic designer with proficiency in Adobe Creative Suite. Experienced in developing RESTful APIs and microservices. Published a research paper on AI in top-tier conferences. Bachelor's in Mechanical Engineering from JKL College.,0.93,0.4,0.5,0.1,0.26
Developed machine learning models for predicting customer behavior. Expert in data visualization tools like Tableau and Power BI. Improved customer satisfaction score by 15% through new initiatives. Diploma in Graphic Design from MNO Academy.,0.19,0.11,0.11,0.53,0.21
Developed machine learning models for predicting customer behavior. Strong communication and team leadership abilities. Successfully managed a team of 10 to deliver a $1M project. Diploma in Graphic Design from MNO Academy.,0.88,0.31,0.16,0.84,0.65
Developed machine learning models for predicting customer behavior. Certified in PMP and Scrum Master methodologies. Improved customer satisfaction score by 15% through new initiatives. Bachelor's degree in Computer Science from ABC University.,0.79,0.82,0.0,0.2,0.36
Worked as a software engineer at XYZ Corp for 5 years. Experienced in developing RESTful APIs and microservices. Developed an open-source library with 500+ stars on GitHub. Diploma in Graphic Design from MNO Academy.,0.75,0.45,0.44,0.9,0.89
